{"cameraMode":{"drawMode":0,"name":"Shaded","section":"Shading Mode"},"sceneLighting":true,"audioPlay":false,"sceneViewState":{"m_AlwaysRefresh":false,"showFog":true,"showSkybox":true,"showFlares":true,"showImageEffects":true,"showParticleSystems":true,"showVisualEffectGraphs":true,"m_FxEnabled":true},"in2DMode":false,"pivot":{"x":-22.832006454467775,"y":13.880599975585938,"z":53.32733154296875},"rotation":{"x":-0.16643165051937104,"y":0.16072598099708558,"z":-0.02755114436149597,"w":-0.9725044965744019},"size":1.7232820987701417,"orthographic":false}